id,name,quantity,price,manufacturer
1,test1,1,10.00,testManufacturer
2,test2,1,10.00,testManufacturer
3,test3,1,10.00,testManufacturer
4,test4,1,10.00,testManufacturer
5,test5,1,10.00,testManufacturer
6,test6,1,10.00,testManufacturer
7,test7,1,10.00,testManufacturer
8,test8,1,10.00,testManufacturer
9,test9,1,10.00,testManufacturer
10,test10,1,10.00,testManufacturer
11,test11,1,10.00,testManufacturer
12,test12,1,10.00,testManufacturer
13,test13,1,10.00,testManufacturer
14,test14,1,10.00,testManufacturer
15,test15,1,10.00,testManufacturer
16,test16,1,10.00,testManufacturer
17,test17,1,10.00,testManufacturer
18,test18,1,10.00,testManufacturer
19,test19,1,10.00,testManufacturer
20,test20,1ff,10A.00,testManufacturer
